Favorites,Ancient Dragon Knight Armor,35731,1.0
Favorites,Arcanaeum Bookshelf Key,55504,1.0
Favorites,Barenziah Quest Markers,9385,1.3
Favorites,Daedric Dawnbreaker,27789,1.03
Favorites,Deadly Arrows,32452,1.1
Favorites,Decorative Daedric Shrine Merchant,57551,1.0
Favorites,Faster Arrows,1009,1.01
Favorites,Hearthfire - Buy Ingots From Stewards,25424,1.0
Favorites,Hearthfire Attacks Disabled,41579,1.0
Favorites,HearthFire Display Case Fix,40400,1.0
Favorites,Lanterns of Skyrim,18916,2.5
Favorites,Leveling Merchants Wallet Enhanced,,
Favorites,Little Shrines of Talos,21450,1.0
Favorites,No Force Greet Patch,50957,1.0
Favorites,No Vampire Attacks,40712,1.0
Favorites,Ore and Ingots Merchant,26087,1.1
Favorites,Sabre Gear Backpack,13687,2.0alpha
Favorites,Same Walk Run Speeds,9553,1.0
Favorites,Sell Unusual Gems - Stones of Barenziah,23431,1.0
Favorites,Sky City - Markarth Rising,58366,3.1
Favorites,Smelter in Riften and Solitude,18024,1.2
Favorites,Talismanns Banana Homes,,
Favorites,The Secrets of Ragnvald Book Fix,24734,0.2beta
Favorites,Vendor Sale Delay - Gone,34224,2.0
Followers,Aesil,,
Followers,Anruin - Faendal Replacer,19486,2.0
Followers,Ash'eeka,,
Followers,Baloran,60950,1.0
Followers,Dagnar Ice-Breaker,60898,1.0.1
Followers,Marius Arrel,61415,1.0
Followers,Sevya Storm-Hand,,
Followers,Westyn Follower,60890,1.0.1
Followers,Willem Thetric,61414,1.0
Followers,Zegol gro-Bar,61563,1.0
Spells,Conjure Skeleton Spells,60761,1.1
Spells,Cure Poison and Disease Spells,13535,1.0
Spells,Enchantments of the Paladins,47988,1.1
Spells,Paladin Aspects and Auras,48541,0.2
Spells,Solstheim Conjure Tomes,34441,1.0
Spells,Sun Rune,67891,1.0
Visuals,Better Dynamic Snow,10383,2.4
Visuals,Deadly Spell Impacts,,
Visuals,Deadly Spell Impacts - Two Fire,,
Visuals,Hold Border Banners,43493,1.0
Visuals,Immersive Laundry,58084,1.0alpha
Visuals,Immersive Roads,40245,1.1
Visuals,Improved Firey Fire Salts,,
Visuals,Improved Frosty Frost Salts,,
Visuals,Pilgrims Delight - High Hrothgar Shrine Retextures,,
Visuals,Revamped Exterior Fog,9930,1.0
Visuals,Shadowmarks for Player Homes,16134,1.1
Visuals,Shooting Stars,25022,1.041
Visuals,Signs of Skyrim,57578,2.0
Visuals,Skyrim Better Roads,57612,1.3
Visuals,Skyrim Bridges,38158,2.1.2
Visuals,Skyrim Distance Overhaul - Giant Campfires,,
Visuals,Skyrim Distance Overhaul - The Morthal Swamp Complete,,
Visuals,Skyrim Distance Overhaul - Waterfall Effects,,
Visuals,Skyrim Distance Overhaul - Whiterun Trundra Creeks,,
Visuals,Tamiko Banana Shields,,
Visuals,The 418th Step,19107,1.2
Visuals,Weathered Road Signs,2810,1.4
